Oplijsting overlegfora federaal/Digitaal Vlaanderen;;;;;;;;;;;
Met deze sheet willen we  de structurele en formele overlegfora (genre ICEG, Digital Decade Board, CSPI, INSPIRE CC, ...) met onze federale collega's in kaart brengen;;;;;;;;;;;
;;;;;;;;;;;
Naam forum;Doel forum;Deelnemers vanuit DV;Andere deelnemers;Periodiciteit;Opmerkingen;Formeel/informeel;FOD;Strategisch/Operationeel;Communicatie;Legistieke verankering;
ICEG;Intergouvernementeel e-government overleg;Jan Smedts (Voorzitter)/ Stephane Coppens;;kwartaal;Hans Arents is back-up voor Tony;Formeel;FOD BOSA;Strategisch;Agenda en verslagen verstuurd door FOD BOSA;Egov Samenwerkingsakkoord 08/10/2013;
ICEG Digital Government Benchmarks Expert Group;Werkgroep met als doel België beter te laten scoren in e-government benchmarks;Hans Arents;;SLAPEND: kwartaal/laatste jaren niet meer samengekomen;Hans Arents is back-up voor Tony;Formeel;FOD BOSA;Operationeel;Agenda en verslagen verstuurd door FOD BOSA;Egov Samenwerkingsakkoord 08/10/2013;
ICEG Digital Decade - Government;Werkgroep met als doel Digital Decade doelstellingen rond e-gov;Hans Arents;;SLAPEND: kwartaal/nog maar één keer samengekomen;Hans Arents is back-up voor Tony;Formeel;FOD BOSA;Operationeel;Agenda en verslagen verstuurd door FOD BOSA;Egov Samenwerkingsakkoord 08/10/2013;
ICEG Reviewcomité datastandaardisatie;Werkgroep rond OSLO standaarden;Ziggy Vanlishout/ Eveline Vlassenroot;+ Datagovernance-medewerkers;kwartaal;"Toegevoegde waarde voor Datagovernance: standaardisatie op federaal niveau bespreken/toelichten
Deelnemers vanuit DV herevalueren";Formeel;FOD BOSA;Operationeel;ECI kernteam;Egov Samenwerkingsakkoord 08/10/2013;
(OCDI) Overlegcomité Dienstenintegratoren (BOSA);overleg interfederaal met de verschillende dienstenintegratoren, vooral kennisdelend, informatief en richtinggevend ;Bruno De Vrieze;;2/jaar;Plaatsvervangend: Sven Pletinckx (DV);Formeel;FOD BOSA;Strategisch;Agenda en verslagen worden intern doorgestuurd door Bruno;Wet van 15/08/2012: https://www.ejustice.just.fgov.be/cgi/article_body.pl?language=nl&caller=summary&pub_date=12-08-29&numac=2012002044;
BestAdd - Adrescomite;Afspraken met gewesten, federaal niveau rond aanpak adressen, o.a. ifv BestAdd;Evelien D'heer (voorzitter)/ Jan Laporte (plaatsvervanger) ;;4/Jaar;"Verschillende werkgroepen + GT Buni (gebouwen)
Toegevoegde waarde voor Datagovernance: afstemmen en coördineren inspanningen rond adressen met de verschillende partijen";Formeel;FOD BOSA/ NGI;Strategisch;Agenda's en verslagen beschikbaar;SWO van 22/01/2016: https://www.vlaanderen.be/digitaal-vlaanderen/onze-diensten-en-platformen/gebouwen-en-adressenregister/belgie-best-add;
Overleg BOSA (SDM);Maandelijks overleg met BOSA rond SDM;Henk Smets;;maandelijks;;;FOD BOSA;Operationeel;Reminder;;
Service Overleg BOSA – Veiligheidsbouwstenen;Bespreken van samenwerking ACM-IDM en de FAS, opvolgen van issues tussen ACM-IDM en de FAS, opvolgen van de resp. roadmaps & ontwikkelingen / projecten die een impact (kunnen) hebben op hetzij DV hetzij BOSA. O.a. eIDAS, Digital Wallet, FAS 2.0, MyID, authenticatie van niet-EU-gebruikers, etc.;Matser Marcel, Hayen Michael, Van Cauwenberge Michiel, Onraedt Steven en Van Lier Peter ;Deelnemers FOD: Henk Yde (BOSA, Domain Manager IAA), Peter Vansant (BOSA) <peter.vansant@bosa.fgov.be>=  (BOSA, Service Delivery Manager FAS);2-maandelijks;;Informeel;FOD BOSA;Beide;Informele lijst agendapunten via Confluence;;
Programmastuurgroep SDG ;;Kabinet + Geert Mareels;Willem Van Hoecke voor technische componenten?;;BOSA;;FOD BOSA;Strategisch;;Samenwerkingsakkoord Single Digital Gateway 07/07/2023;
Algemene coördinatiegroep + fin werkgroep;;Tony + Geert Mareels;;;BOSA;;FOD BOSA;Strategisch;;;
Reflectiewerkgroep digitale facturatie;;Marc Deleu;;4/jaar;BOSA;;FOD BOSA;;;;
Open data portals meeting;Aanbieders van open data portalen in België samenbrengen om af te stemmen en kennis uit te wisselen;Loes Deventer / Stijn Tallir / Geralidne Nolf;;;"Eerdere community? Afvaardiging te reviseren
Toegevoegde waarde: voldoen aan Europese en federale wetgeving en overleg met de verschillende partijen";Informeel;FOD BOSA;Operationeel;Geen verslag, agenda per mail;;
IEC Dig Infrastructure;Interfederaal comité voor Digital Decade doelstellingen rond digitale infrastructuur;EWI + Reinhard Laroy;;SLAPEND Laatste meeting dateert van 2023;Past on digital decade;;FOD Economie;;;Deel van Digital Decade 2030 Belgian Roadmap, validatie van politieke beslissingen verloopt via DGE procedure;
IEC Skills & Companies;Interfederaal comité voor Digital Decade doelstellingen rond digitale vaardigheden burgers & digitaal toekomstbestendig maken bedrijven;Mathias De Schrijver + Reinhard Laroy;;SLAPEND Laatste meeting dateert van 2024;Past onder digital decade. Input Datagovernance: indien terug nieuw leven ingeblazen graag betrokkenheid team Datagovernance ifv dataskills, data organisatie;Formeel;FOD Economie;Beide ;Geen verslag, agenda per mail;Deel van Digital Decade 2030 Belgian Roadmap, validatie van politieke beslissingen verloopt via DGE procedure;
IEC Virtual Worlds;Interfederaal comité rond virtual worlds & metaverse plannen van EU;"Mails worden gestuurd naar Arents Hans; Laroy Reinhard";"Mails worden gestuurd naar De Smedt Gonda; Fiers Jeroen; Hauspie Patrick; Huybrechts Rafael; Leys Christel; Scheere David; van der Linden Hans; Van de Loock Leo; Van De Velde Emma; Wauterickx Naomi
Liesbet De Wolf ook betrekken?";SLAPEND. Mailing list;Delen vooral per mail de info van de Europese Virtual Worlds Steering Group;;FOD Economie;;;;
IEC/CEI GPAI;Intra-Belgisch overleg orgaan onder FOD ECO ter begeleiding van de Belgische delegatie voor de Global Partnership on Artificial Intelligence, GPAI-board.  ;/;WEWIS;;Werkgroep AI. Volgt de deelname van België aan de Global Partnership on Artificial Intelligence (GPAI) op. Dit is een internationale samenwerking die in juni 2020 werd opgericht om de verantwoorde ontwikkeling en het gebruik van AI te bevorderen, met respect voor mensenrechten en gedeelde democratische waarden, en die sinds 2024 samenwerkt met de Organisatie voor Economische Samenwerking en Ontwikkeling (OESO). Veel nuttigs voor de Vlaamse overheid is daar nog niet uitgekomen.;;FOD Economie;;;;
IEC/CEI AI;Intra-Belgisch overleg orgaan onder FOD ECO intra-Belgisch overleg orgaan onder FOD ECO voor de coördinatie van de implementatie van de AI Act. Zeer belangrijk op dit moment, omvat ook alle sub-groepen zoals rond Regulatory Sandboxes, high-risk, etc...;Hans Arents;"WEWIS
Geraldine Nolf ook betrekken?";Vooral mails. Komt niet vaak samen.;Werkgroep AI. Volgt de (voornamelijk economische) gevolgen van de AI Act op (zoals de werking van de AI Board en de subgroepen ervan, de opzet van een Belgische AI regulatory sandbox, …) en wordt dan ook vooral gevolgd vanuit EWI. Momenteel minder belangrijk voor de Vlaamse overheid, maar van zodra daar besproken wordt wie zal aangeduid worden als AI markttoezichthoudende overheidsorganisaties (moeten aangeduid worden tegen 2 augustus van dit jaar) moeten we wel goed opletten wat daar beslist wordt.;;FOD Economie;Reminder;Reminder;;
Strategisch comité KBO;Belast met de kwaliteit van de gegevens van de Kruispuntbank van Ondernemingen en van de werking ervan,;Veerle De Bock (VLAIO), Jeremy Roels (VLAIO), Sven Pletinckx (DV);Vertegenwoordigers van de gefedereerde entiteiten en de lokale en provinciale besturen;;"Kunnen KBO strategische beslissingen op ICEG niveau? Indien niet, buiten scope. Plaatsvervangend: Gerd Verstappen (VLAIO), Sven Pletinckx (DV)
Datagovernance-team betrekken | Evelien D'heer betrekken?";Formeel;FOD Economie;Strategisch;Reminder;Wet van 13/02/2006: https://www.ejustice.just.fgov.be/cgi/article_body.pl?language=nl&caller=summary&pub_date=06-02-28&numac=2006011078;
KBO release meeting - werkgroep;"Bronwijzigingen vanwege KBO die impact hebben op de MAGDA API's met bron KBO worden besproken in de KBO werkgroep; alsook ander nieuws vanwege de bron die impact hebben op de API's, bijvoorbeeld de toevoeging van nieuwe codes.";Joris Gaens;;4/jaar;"KBO
Datagovernance-team betrekken";Formeel;FOD Economie;Operationeel;Agenda wordt vooraf doorgestuurd. Na de vergadering wordt de presentatie bezorgd.;Wet van 13/02/2006: https://www.ejustice.just.fgov.be/cgi/article_body.pl?language=nl&caller=summary&pub_date=06-02-28&numac=2006011078;
DGE;Afstemming tussen federaal en regio's voor Belgisch standpunt richting EU;Hans Arents;VDS (Beleid) ;;Heeft verschillende subwerkgroepen;;FOD Buitenlandse zaken;Strategisch;Agenda en verslagen worden via de DGE-communicatielijsten verzonden;DGE zelf verankerd in wet van oprichting FOD BUZA. Samenwerking verankerd in SWO van 17/11/1994;
DGE- DIGITAL Community;Afstemming tussen federaal en regio's voor Belgisch standpunt richting EU rond digital EU-dossiers;Hans Arents;VDS (Beleid) ;;;;FOD Buitenlandse zaken;strategisch;Agenda en verslagen worden via de DGE-communicatielijsten verzonden;;
Women in Digital working group;Werkgroep met als doel stimuleren vrouwen in ICT;Khaled Fazely;VDS (Beleid) ;4/jaar;Coördinatie van interfederaal actieplan Women In Digital;;FOD Economie;Strategisch/Operationeel;Agenda en verslagen verstuurd door FOD ECONOMIE;Lijkt  geen wettelijke verankering te hebben, is wel onderdeel van de strategie van FOD Economie;
Digital Task Force;Coördineren interfederale reacties op digitale initiatieven EU Commissie;Reinhard Laroy, Tony Vanderstraete, Hans Arents;Simon Verschaeren (WEWIS);Om de 2-3 maanden;focus vooral op digital decade > werkgroep digital decade;;FOD Buitenlandse zaken;Strategisch;;;
Digital Task Force - Cyber;Coördineren interfederale reacties op digitale initiatieven EU Commissie rond cyberveiligheid;VCDV (Carolina & Wies)?? ;;;;;;;;;
INSPIRE Coordinatiecomité CC;Opvolging met federaal, gewesten rond uitvoering Inspire richtlijn;Ouns Kissiyar, Bart Rosseau (opzoek naar nieuwe vertegenwoordiging) ;;4/jaar;Werkgroep Inspire/Geodata. Heeft verschillende subwerkgroepen (BestAdress, gebouwen, ....). Vertegenwoordiging Datagovernance-team herbekijken;Formeel;/;Strategisch/Operationeel;Verslagen & jarrapporten;Decreet mbt SWO van 02/10/2010: https://www.ejustice.just.fgov.be/cgi/article_body.pl?language=nl&caller=summary&pub_date=11-02-15&numac=2011200661;
Overleg Mandaten Vlaanderen (SSM – VMS);"Bespreken van samenwerking ACM-IDM en SSM (Self Service Mandatensysteem), opvolgen van issues tussen ACM-IDM en SSM, opvolgen van de SSM-roadmap & ontwikkelingen / projecten, opvolgen van de VMS-roadmap & ontwikkelingen / projecten. 
Betreft zowel operationele service-zaken als strategische projecten waarmee rekening gehouden moet worden.";Peter Van Lier, Michiel Van Cauwenberge, Marcel Matser;Deelnemers FOD: Joseph De Neef (Attaché, FOD Financiën), Patrick Colmant (Owner SSM, FOD Financiën), Olivier Fauville (Service Manager SSM, FOD Financiën), Frank Van De Heijning (Service Manager SSM, FOD Financiën);3-maandelijks;Niet langer het geval, enkel nog ad-hoc overleggen indien nodig of i.f.v. een project;;FOD Financiën;X;X;;
CSPI/SCIP raad van bestuur;De CoördinatieStructuur van PatrimoniumInformatie, kortweg CSPI, helpt overheidsdiensten van de drie gewesten en de federale overheid met het beheer en de uitwisseling van patrimoniuminformatie.;Tom Broos (Sven Pletinckx), Willem Van Hoecke (plaatsvervanger), Luc Depredomme (plaatsvervanger) ;;Maandelijks;"hieronder vallen ook verschillende werkgroepen (juridisch, dienstenintegratoren, interoperabiliteit en authentieke bronnen) met vertegenwoordigers van DV

Wie neemt over van Sven? voor volgend jaar wordt naar Vlaanderen gekeken voor voorzitterschap. wie kan dit trekken? ";;FOD Financiën;Strategisch;Reminder;SWO van 18/04/2014: https://www.ejustice.just.fgov.be/cgi/article_body.pl?language=nl&caller=summary&pub_date=14-09-25&numac=2014205552;
CSPI werkgroep dienstenintegratoren;Technische aspecten van de uitwisseling van patriomoniuminformatie (relevant voor kadasterdiensten MAGDA);Cedric Van Assche;;3-maandelijks;"Als topic op werkgroep dienstenintegratoren OCDI & CSPI samen? AAPD
Vertegenwoordiging Datagovernance-team opportuun?";;FOD Financiën;Operationeel;CSPI maakt telkens agenda vooraf en verslag achteraf;Werkgroepen van het CSPI komen niet voor in de SWO;
CSPI/SCIP Juridisch werkgroep - Groupe Juridique transversal;De CoördinatieStructuur van PatrimoniumInformatie, kortweg CSPI, helpt overheidsdiensten van de drie gewesten en de federale overheid met het beheer en de uitwisseling van patrimoniuminformatie.;Nathalie De Jaeger;;Ad hoc - VRIJ SLAPEND;Onder leiding van AAPD (recent opnieuw wissel van voorzitter). In het begin interessant om procedure en ontwerpprotocol te bespreken om toegang te krijgen tot AAPD-gegevens. Dat staat op punt. Regelmatig wordt een oplijsting bezorgd van de lopende aanvragen AAPD. Soms wordt dan meer info opgevraagd over bepaalde aanvraagdossiers om vooruitgang te kunnen boeken. Laatste tijd onderneemt AAPD pogingen om info uit te wisselen over aanpak implementatie AVG (incidentenbeheer, DPIA’s, NIS2…). Nieuwe voorzitter zal voor betere aanpak zorgen. ;;FOD Financiën;Operationeel;Indien interessant, doorsturen naar collega's VDI;Werkgroepen van het CSPI komen niet voor in de SWO;
Ad hoc werkgroepen CSPI;;Stefan;;Enkele keren/jaar;AAPD;;FOD Financiën;Operationeel;;Werkgroepen van het CSPI komen niet voor in de SWO;
Beheerscomité eHealth en federale Health Data Agency;HDA: nieuw federaal agentschap voornamelijk rond secundair gebruik van gezondheids(zorg)data. Beheerscomité dat verslagen en werking van eHealth platform opvolgt en goedkeurt;Sven Pletinckx;"Langs de zijlijn betrokken vanuit Observatorium-project (Lies De Meulenaer)
Geraldine Nolf ook betrekken?";4/jaar;Plaatsvervangend: Sven Pletinckx (DV) / Björn Devidts zetelt in de eerste plaats. Input Bruno: weinig meeraarde voor DV, zo specialistische materie dat wij daar geen meerwaarde brengen, eerder relevant om iemand van Viatlink te betrekken in de plaats.;Formeel;HDA/FOD Volksgezondheid;Strategisch;Reminder;Federale wet van 14/03/2023: https://www.ejustice.just.fgov.be/cgi/article_body.pl?language=nl&caller=summary&pub_date=23-04-03&numac=2023041135;
Algemene vergadering van het Overlegcomité van de gebruikers van het Rijksregister ;;Henk Smets (Bruno De Vrieze, Cedric Van Assche);;1/jaar;Datagovernance-team betrekken;Formeel;FOD Binnenlandse zaken;Strategisch;Reminder;Koninklijk besluit van 11/11/2016 (geen wet gevonden): https://www.ejustice.just.fgov.be/cgi/article_body.pl?language=nl&caller=summary&pub_date=16-12-05&numac=2016000733;
Gebruikersgroep Rijksregister;;Luc De Kock & Cedric Van Assche;;jaarlijks;"Rijksregister
Datagovernance-team betrekken";Informeel;FOD Binnenlandse zaken;Operationeel?;RR stuurt vooraf een agenda en nadien een verslag;;
Algemeen Coördinatiecomité van de Kruispuntbank Sociale Zekerheid;Beheerscomité dat verslagen en werking van de KSZ opvolgt en goedkeurt;Joris Gaens (aanstelling bij KB);;4/jaar;"Plaatsvervangend: Sven Pletinckx (DV)
Datagovernance-team betrekken";Formeel;KSZ;Strategisch;Agenda en documenten worden vooraf doorgestuurd;Wet van 15/01/1990: https://www.ksz-bcss.fgov.be/nl/page/wet-van-15-januari-1990-houdende-oprichting-en-organisatie-van-een-kruispuntbank-van-de-sociale-zekerheid;
KSZ werkgroepen (indien wijzigingen bij een dienst);Ad hoc wanneer er een bronwijziging van een API is;Joris Gaens;;ad hoc, max enkele keren per jaar;"KSZ
Datagovernance-team betrekken";Informeel;KSZ;Operationeel;Agenda en presentatie beschikbaar, geen verslag;Wettelijke verankering in bovenstaande wet, geen verankering van de werkgroep zelf. Gewoon dat er werkgroepen kunnen zijn;
KSZ Werkgroep Registers (Persoonsdiensten);;Cedric Van Assche;;4/jaar;Datagovernance-team betrekken;Formeel;KSZ;Beide, focus op strategisch;Geen agenda vooraf, PPT-presentatie wordt gedeeld achteraf;Wettelijke verankering in bovenstaande wet, geen verankering van de werkgroep zelf. Gewoon dat er werkgroepen kunnen zijn;
DMFA werkgroep;Ad hoc wanneer er een bronwijziging is;Joris Gaens;;max 4/jaar;"KSZ
Datagovernance-team betrekken";Informeel;KSZ;Operationeel;Agenda en presentatie beschikbaar, geen verslag;Wettelijke verankering in bovenstaande wet, geen verankering van de werkgroep zelf. Gewoon dat er werkgroepen kunnen zijn;
Comité van beheer van het NGI ;nemen van belangrijke strategische beslissingen voor NGI, raadgevende stem;Ziggy Vanlishout, Evelien D'Heer, Jan Laporte (Plaatsvervanger)  ;;kwartaal;;Formeel;NGI;Strategisch;ad hoc;Mandaat gegeven aan Ziggy door de VO. ;
Coördinatieoverleg Digitaal Vlaanderen - NGI ;Overleg tussen DV en NGI rond Geo en open data oa. Rond (her)gebruik van basiskaart, gebouwen- en adressenregister, wegenregister door NGI (en federale instanties), in kader samenwerkingsakkoord met NGI ivm hergebruik van luchtbeelden, INSPIRE;Bart Rosseau, Liesbet De Wolf, Evelien D'heer;;2/jaar;;Formeel;NGI;Strategisch;Reminder;;
Plenaire sessie DIV Expose project;Maandelijks overleg met de belangrijkste afnemers van de Kruispunt Databank Voertuigen, overleg is in het leven geroepen om de conversie van SOAP naar Rest en aansluiten via MAGDA (ipv rechtstreekse aansluiting) te faciliteren;Marc Deleu;;maandelijks;;Informeel;FOD Mobiliteit en vervoer;Operationeel;Verslag opgemaakt, verdeling naar de belanghebbenden;;
Earth Observation Research Programme STEREO - Stereo-comité;Als lid van comité wordt onderzoeksprogramma STEREO mbt aardobervatie BELSPO (Programmatorische Federale Overheidsdienst Wetenschapsbeleid) mee opgevolgd.;Jo Van Valckenborgh;;facultatief, max 1/jaar;POD Wetenschapsbeleid;Formeel;Programmatorische Federale Overheidsdienst Wetenschapsbeleid;Operationeel;Agenda, geen verslag;;
National Cybersecurity Council Belgium (NCCB) ;Verenigt alle overheden, zowel op federaal als op regionaal niveau, die cyberveiligheidsdiensten aanbieden aan de bevolking of aan in België gevestigde organisaties, waaronder bedrijven, openbare entiteiten en organisaties van vitaal belang. Het doel is een wederzijdse uitwisseling van informatie over alle lopende projecten te ondersteunen om een gecoördineerde aanpak mogelijk te maken.;Johan Smekens;federaal + andere regio's (ook WEWIS);1/kwartaal;Voorzitterschap = CCB;Formeel;CCB;Strategisch;Via mail;Geen vermelding van dit orgaan, maar in KB van 10/10/2014 wel een vermelding dat CCB de coördinatie moet verzekeren tussen betrokken diensten en overheden: https://www.ejustice.just.fgov.be/cgi/article_body.pl?language=nl&caller=summary&pub_date=14-11-21&numac=2014207006;
IEA NCA coordination working group;coordinatie uitvoering IEA act in Belgie;Ziggy Vanlishout;federaal + andere regio's;ad hoc;"BOSA = SPOC voorzitter
Observatorium-project is ook betrokken
Hoe wordt dit overleg intern voorbereid?";Formeel;FOD BOSA;Operationeel;ECI kernteam;;
OC Vitalink;Vitalink is een digitaal platform voor het delen van gezondheidsinformatie. Hiermee kunnen zorgverleners o.a. vaccinatiegegevens, medicatieschema's en samenvattingen van medische dossiers veilig delen;Sven Pletinckx;Zorginstellingen, WVG, athumi, Vlaamse overheid;Maandelijks;"Wie neemt over van Sven?
Datagovernance informeren van de resultaten";;;Strategisch;;;
BE EDIB;Afstemming tussen federaal en regio's in kader van de European Data and Innovation Board (EDIB). EDIB is Europees overleg orgaan dat zowel DGA (Data Governance Act) als de DA (Data Act) opvolgt;Simon Claus, Hans Arents;FOD Economie, BOSA, Paradigm, Agence Numérique, Digitaal Vlaanderen;4 keer per jaar komt EDIB samen, hierin wordt belgië vertegenwoordigd door FOD Economie. Zowel DV ald Agence Numérique zijn 'alternate members'. Er  zijn ad-hoc vergaderingen (2-3 keer per jaar) met BE EDIB partners;;EDIB Formeel/ BE EDIB Informeel;FOD Economie;Advisory board (Strategisch+Operationeel);;;
Fedax;Fedax leeft vooral als een kennisuitwisselingsnetwerk van data officers die bij de federale FODs (+ NBB) actief zijn . ;Bart Rousseau, Mathieu Tulpinck;Buiten DV geen vertegenwoordiging vanuit Vo, enkel federale entiteiten + iemand uit de EC.;1/kwartaal;Community. Voornaamste concrete inspanning is werk rond gedeelde federale data catalog ikv bestek Smals-BB-001.027/2023. Aanbesteding is toegekend aan Collibra + datalumen (consultancy). De gedeelde data catalog moet eerste aanzet vormen van gedeelde data governance strategie op federaal niveau.;Formeel;/;Strategisch;;/;
Taskforce quantum (voorbereiding) ;De taskforce brengt federale en regionale actoren samen om een Belgische quantumstrategie uit te werken, in lijn met de Europese plannen. Ze moet prioriteiten bepalen rond quantumtechnologie, cryptografie en cyberveiligheid en zorgen dat België tijdig klaar is voor de post-quantumtransitie.;;IT-pltaform;;;"Nieuwe taskdforce; De taskforce is opgezet in het kader van een mandaat van minister Vanessa Matz om een Belgische federale quantumstrategie uit te werken. De taskforce is opgezet in het kader van een mandaat van minister Vanessa Matz om een Belgische federale quantumstrategie uit te werken. De taskforce is opgezet in het kader van een mandaat van minister Vanessa Matz om een Belgische federale quantumstrategie uit te werken.";Formeel;Strategisch;;;
;;;;;;;;;;;
;;;;;;;;;;;
